mairie.ableiges95@wanadoo.fr,ABLEIGES
mairie.aincourt@wanadoo.fr,AINCOURT
mairie.ambleville@wanadoo.fr,AMBLEVILLE
mairie.amenucourt@wanadoo.fr,AMENUCOURT
mairie.andilly@wanadoo.fr,ANDILLY
christian.bournery@ville-argenteuil.fr,ARGENTEUIL
webmaster@villedarnouville.com,ARNOUVILLE-LES-GONESSE
arronville@wanadoo.fr,ARRONVILLE
mairie-arthies-95@wanadoo.fr,ARTHIES
herve.pellin@ville-asnieres-sur-oise.fr,ASNIERES-SUR-OISE
mairie@attainville.fr,ATTAINVILLE
communication@auvers-sur-oise.com,AUVERS-SUR-OISE
mairie.avernes@orange.fr,AVERNES
info@baillet-en-france.fr,BAILLET-EN-FRANCE
mairie.banthelu@wanadoo.fr,BANTHELU
accueil-mairie@ville-beauchamp.fr,BEAUCHAMP
beaumont.sg@wanadoo.fr,BEAUMONT-SUR-OISE
mairiebellefontaine2@wanadoo.fr,BELLEFONTAINE
secretariat@mairie-belloy-en-france.fr,BELLOY-EN-FRANCE
mairiebernes@wanadoo.fr,BERNES-SUR-OISE
mairie.de.berville@wanadoo.fr,BERVILLE
melody.quesnel@ville-bessancourt.fr,BESSANCOURT
mairie.bethemont-laforet@wanadoo.fr,BETHEMONT-LA-FORET
courrier@mairie-bezons.fr,BEZONS
commune.boisemont@wanadoo.fr,BOISEMONT
mairie.boissy-laillerie@wanadoo.fr,BOISSY-L'AILLERIE
bonneuil-en-france95@orange.fr,BONNEUIL-EN-FRANCE
info@ville-bouffemont.fr,BOUFFEMONT
mairiebouqueval@wanadoo.fr,BOUQUEVAL
mairie.brayetlu@wanadoo.fr,BRAY-ET-LU
mairie.breancon@wanadoo.fr,BREANCON
brignancourt@wanadoo.fr,BRIGNANCOURT
mairie.bruyeres.sur.oise@wanadoo.fr,BRUYERES-SUR-OISE
mairie.buhy@wanadoo.fr,BUHY
mairiedebutrysuroise@wanadoo.fr,BUTRY-SUR-OISE
contact@ville-cergy.fr,CERGY
cjacqueline@villedechampagne.fr ,CHAMPAGNE-SUR-OISE
mairie.charmont@wanadoo.fr,CHARMONT
mairie.chars@wanadoo.fr,CHARS
,CHATENAY-EN-FRANCE
mairie.chaumontel@wanadoo.fr,CHAUMONTEL
mairie.chaussy@wanadoo.fr,CHAUSSY
mairie.de.chauvry@wanadoo.fr,CHAUVRY
mairie.chennevieres@wanadoo.fr,CHENNEVIERES-LES-LOUVRES
mairie.cherence@wanadoo.fr,CHERENCE
commune-de-clery@wanadoo.fr,CLERY-EN-VEXIN
mairiecommeny@wanadoo.fr,COMMENY
mairie.condecourt@wanadoo.fr,CONDECOURT
contact@ville-cormeilles95.fr,CORMEILLES-EN-PARISIS
mairie-cormeillesenvexin@wanadoo.fr,CORMEILLES-EN-VEXIN
mairie-courcellessurviosne95@wanadoo.fr,COURCELLES-SUR-VIOSNE
communication@ville-courdimanche.fr,COURDIMANCHE
accueil@mairie-deuillabarre.fr,DEUIL-LA-BARRE
mairiedomont@magic.fr,DOMONT
information@eaubonne.fr,EAUBONNE
contact@ecouen.fr,ECOUEN
direction.generale@enghien95.fr,ENGHIEN-LES-BAINS
mairie@ennery.fr,ENNERY
mairieepiais-leslouvres@wanadoo.fr,EPIAIS-LES-LOUVRES
mairie.epiais-rhus@wanadoo.fr,EPIAIS-RHUS
mairie.ep.champlatreux@wanadoo.fr,EPINAY-CHAMPLATREUX
bureauetconseil@eragny.fr,ERAGNY-SUR-OISE
mairie@ville-ermont.fr,ERMONT
secret.mairie@ezanville.fr,EZANVILLE
mairiefontenay@roissy-online.com,FONTENAY-EN-PARISIS
contact@ville-fosses95.fr,FOSSES
Communication@ville-franconville.fr,FRANCONVILLE
fremainville-mairie@wanadoo.fr,FREMAINVILLE
mairiefremecourt@orange.fr,FREMECOURT
mairie@frepillon.fr,FREPILLON
mairie-frouville95@wanadoo.fr,FROUVILLE
mairie-gadancourt@orange.fr,GADANCOURT
communication@villedegarges.com,GARGES-LES-GONESSE
mairie-genainville@wanadoo.fr,GENAINVILLE
mairie.genicourt@wanadoo.fr,GENICOURT
contact@villaeroport.org,GONESSE
maire@ville-goussainville.fr,GOUSSAINVILLE
mairiedegouzangrez@orange.fr,GOUZANGREZ
,GRISY-LES-PLATRES
assistante_du_maire@mairie-groslay.fr ,GROSLAY
mairie.guiry-en-vexin@wanadoo.fr,GUIRY-EN-VEXIN
commune.haravilliers@orange.fr,HARAVILLIERS
mairie-hauteisle@wanadoo.fr,HAUTE-ISLE
mairie-hedouville@wanadoo.fr,HEDOUVILLE
mairie@herblay.fr,HERBLAY
mairie@herouville-en-vexin.net,HEROUVILLE
mairie.hodent@orange.fr,HODENT
mairie.jagny-sous-bois@wanadoo.fr,JAGNY-SOUS-BOIS
secretariatgeneral@jouylemoutier.fr,JOUY-LE-MOUTIER
mairie@labbeville.fr,LABBEVILLE
la-chapelle-en-vexin@wanadoo.fr,LA-CHAPELLE-EN-VEXIN
mairie@ville-la-frette95.fr,LA-FRETTE-SUR-SEINE
mairie.larocheguyon@wanadoo.fr,LA-ROCHE-GUYON
,LASSY
mairie.bellay@wanadoo.fr,LE-BELLAY-EN-VEXIN
mairie.le.heaulme@cegetel.net,LE-HEAULME
mairie.mesnil-aubry@wanadoo.fr,LE-MESNIL-AUBRY
mairie.leperchay@wanadoo.fr,LE-PERCHAY
mairie@ville-le-plessis-bouchard.fr,LE-PLESSIS-BOUCHARD
le.plessis.gassot@wanadoo.fr,LE-PLESSIS-GASSOT
mairieplessisluzarches@orange.fr,LE-PLESSIS-LUZARCHES
p.bezillot@mairie-le-thillay.fr,LE-THILLAY
m.martin@ville-isle-adam.fr,L'ISLE-ADAM
mairie-de-livilliers@wanadoo.fr,LIVILLIERS
mairie.longuesse@orange.fr,LONGUESSE
communication@ville-louvres.fr,LOUVRES
v.coquillard@luzarches.net,LUZARCHES
mairie-maffliers@wanadoo.fr,MAFFLIERS
mairie@magny-en-vexin.fr,MAGNY-EN-VEXIN
mairie.mareil.france@wanadoo.fr,MAREIL-EN-FRANCE
info@mairie-margency.fr,MARGENCY
mairie.marines@wanadoo.fr,MARINES
,MARLY-LA-VILLE
mairie.maudetour@wanadoo.fr,MAUDETOUR-EN-VEXIN
,MENOUVILLE
communication@menucourt.fr,MENUCOURT
accueil.mairie@ville-de-meriel.fr,MERIEL
services.administratifs@merysuroise.fr,MERY-SUR-OISE
mairie.moisselles@orange.fr,MOISSELLES
mairie-de-montgeroult@wanadoo.fr,MONTGEROULT
communication@ville-montigny95.fr,MONTIGNY-LES-CORMEILLES
mairie.montlignon@wanadoo.fr,MONTLIGNON
communication@ville-montmagny.fr,MONTMAGNY
directiongenerale@ville-montmorency.fr,MONTMORENCY
mairiemontreuilept@orange.fr,MONTREUIL-SUR-EPTE
mairie-montsoult@wanadoo.fr,MONTSOULT
secretaire.mairie.mours@wanadoo.fr,MOURS
mairie.de.st.denis.catus@wanadoo.fr,MOUSSY
mairie-nerville95@wanadoo.fr,NERVILLE-LA-FORET
pontenay@wanadoo.fr,NESLES-LA-VALLEE
,NEUILLY-EN-VEXIN
affgenerales@neuville-sur-oise.fr,NEUVILLE-SUR-OISE
nointel-mairie@wanadoo.fr,NOINTEL
mairie.de.noisy.sur.oise@wanadoo.fr,NOISY-SUR-OISE
mairie.nucourt@wanadoo.fr,NUCOURT
Mairie.omerville@orange.fr,OMERVILLE
communication@ville-osny.fr,OSNY
communication@ville-parmain.fr,PARMAIN
mairie@ville-persan.fr,PERSAN
mairie@ville-pierrelaye.fr,PIERRELAYE
mairie.piscop@wanadoo.fr,PISCOP
mairie@ville-pontoise.fr,PONTOISE
mairie@ville-presles.fr,PRESLES
vsimil@roissy-online.com,PUISEUX-EN-FRANCE
mairie.puiseux-pontoise.95@wanadoo.fr,PUISEUX-PONTOISE
accueil@ville-roissy95.fr,ROISSY-EN-FRANCE
mairie.ronquerolles95@wanadoo.fr,RONQUEROLLES
mairie.sagy@wanadoo.fr,SAGY
info@saintbrice95.fr,SAINT-BRICE-SOUS-FORET
mairie-stclairsurepte@orange.fr,SAINT-CLAIR-SUR-EPTE
mairie.stcyrenarthies@wanadoo.fr,SAINT-CYR-EN-ARTHIES
mairie.saintgervais@wanadoo.fr,SAINT-GERVAIS
info@mairie-saintgratien.fr,SAINT-GRATIEN
mairie@saint-leu-la-foret.fr,SAINT-LEU-LA-FORET
mairiesaintmartindutertre@wanadoo.fr,SAINT-MARTIN-DU-TERTRE
courrier@ville-saintouenlaumone.fr,SAINT-OUEN-L'AUMONE
communication@saintprix.fr,SAINT-PRIX
mairie@saint-witz.fr,SAINT-WITZ
secretariat.general@sannois.org,SANNOIS
mairie@santeuil95.fr,SANTEUIL
comsarcelles@yahoo.fr,SARCELLES
mairie.seraincourt95@wanadoo.fr,SERAINCOURT
mairie.seugy@wanadoo.fr,SEUGY
mairie@soisy-sous-montmorency.fr,SOISY-SOUS-MONTMORENCY
vincent@roissy-online.com,SURVILLIERS
mairie@ville-taverny.fr,TAVERNY
mairie.themericourt@wanadoo.fr,THEMERICOURT
mairie.theuville.mts@wanadoo.fr,THEUVILLE
mairie.us.95@wanadoo.fr,US
secretariat@vallangoujard.fr,VALLANGOUJARD
mairievalmondois@gmail.com,VALMONDOIS
,VAUDHERLAND
communication@mairie-vaureal.fr,VAUREAL
sandrine_ravenel@yahoo.fr,VEMARS
mairiedevetheuil@orange.fr,VETHEUIL
ville-viarmes@wanadoo.fr,VIARMES
mairie.viennearthies@wanadoo.fr,VIENNE-EN-ARTHIES
mairie.vigny@wanadoo.fr,VIGNY
mairie@villaines-sous-bois.fr,VILLAINES-SOUS-BOIS
accueilvilleron@roissy-online.com,VILLERON
mairie.villers@free.fr,VILLERS-EN-ARTHIES
mairie.villiersadam@wanadoo.fr,VILLIERS-ADAM
secretariatgeneral@ville-villiers-le-bel.fr,VILLIERS-LE-BEL
mairie.villiers-le-sec@wanadoo.fr,VILLIERS-LE-SEC
mairie.wy-dit-joli-village@wanadoo.fr,WY-DIT-JOLI-VILLAGE
